abbreviation,fullName,chargedFormula,charge,avgmolweight,monoisotopicweight,keggId,ChEMBL,pubChemId,cheBlId,hmdb,pdmapName,reconMap,reconMap3,food_db,chemspider,biocyc,biggId,wikipedia,drugbank,seed,metanetx,knapsack,metlin,casRegistry,epa_id,inchiKey,inchiString,smile,Id
10fthf,10formyltetrahydrofolate,C20H21N7O7,-2,473.4393,473.1658961,C00234,,122347.0,CHEBI:15637.0,HMDB0000972,,10fthf,10fthf,FDB022345,109092.0,10-FORMYL-THF,10fthf,10-formyl-tetrahydrofolate,,cpd00201,MNXM237,,5912.0,2800-34-2,,AUFGTPPARQZWDO-YUZLPWPTSA-L,"InChI=1S/C20H23N7O7/c21-20-25-16-15(18(32)26-20)23-11(7-22-16)8-27(9-28)12-3-1-10(2-4-12)17(31)24-13(19(33)34)5-6-14(29)30/h1-4,9,11,13,23H,5-8H2,(H,24,31)(H,29,30)(H,33,34)(H4,21,22,25,26,32)/p-2/t11?,13-/m0/s1",[H]OC1=NC(=NC2=C1N([H])C([H])(C([H])([H])N(C([H])=O)C1=C([H])C([H])=C(C([H])=C1[H])C(=O)N([H])[C@]([H])(C([O-])=O)C([H])([H])C([H])([H])C([O-])=O)C([H])([H])N2[H])N([H])[H],bio/10formyltetrahydrofolate
10fthf5glu,10formyltetrahydrofolateglu5,C40H45N11O19,-6,0.0,0.0,,,,CHEBI:nan,,,10fthf5glu,10fthf5glu,,,,10fthf5glu,,,,MNXM3428,,,,,RGSLBOWMZCMTRA-UHFFFAOYSA-H,"InChI=1S/C40H51N11O19/c41-40-49-32-31(37(66)50-40)43-19(15-42-32)16-51(17-52)20-3-1-18(2-4-20)33(62)47-24(38(67)68)5-10-26(53)44-21(6-11-27(54)55)34(63)45-22(7-12-28(56)57)35(64)46-23(8-13-29(58)59)36(65)48-25(39(69)70)9-14-30(60)61/h1-4,17,19,21-25,43H,5-16H2,(H,44,53)(H,45,63)(H,46,64)(H,47,62)(H,48,65)(H,54,55)(H,56,57)(H,58,59)(H,60,61)(H,67,68)(H,69,70)(H4,41,42,49,50,66)/p-6",[H]OC1=NC(=N[H])N([H])C2=C1N([H])C([H])(C([H])([H])N(C([H])=O)C1=C([H])C([H])=C(C([H])=C1[H])C(=O)N([H])C([H])(C([O-])=O)C([H])([H])C([H])([H])C(=O)N([H])C([H])(C(=O)N([H])C([H])(C(=O)N([H])C([H])(C(=O)N([H])C([H])(C([O-])=O)C([H])([H])C([H])([H])C([O-])=O)C([H])([H])C([H])([H])C([O-])=O)C([H])([H])C([H])([H])C([O-])=O)C([H])([H])C([H])([H])C([O-])=O)C([H])([H])N2[H],bio/10formyltetrahydrofolateglu5
10fthf6glu,10formyltetrahydrofolateglu6,C45H51N12O22,-7,0.0,0.0,,,,CHEBI:nan,,,10fthf6glu,10fthf6glu,,,,10fthf6glu,,,,MNXM3429,,,,,SFFBEUFYOPMKMV-CWMPVMSNSA-G,"InChI=1S/C45H58N12O22/c46-45-55-36-35(38(67)56-45)48-21(17-47-36)18-57(19-58)22-3-1-20(2-4-22)37(66)54-28(44(78)79)9-15-33(63)52-26(42(74)75)7-13-31(61)50-24(40(70)71)5-11-29(59)49-23(39(68)69)6-12-30(60)51-25(41(72)73)8-14-32(62)53-27(43(76)77)10-16-34(64)65/h1-4,19,21,23-28,48H,5-18H2,(H,49,59)(H,50,61)(H,51,60)(H,52,63)(H,53,62)(H,54,66)(H,64,65)(H,68,69)(H,70,71)(H,72,73)(H,74,75)(H,76,77)(H,78,79)(H4,46,47,55,56,67)/p-7/t21?,23?,24?,25?,26?,27?,28-/m1/s1",[H]OC(=O)C([H])(N=C([O-])C([H])([H])C([H])([H])C([H])(N=C([O-])C([H])([H])C([H])([H])C([H])(N=C([O-])C([H])([H])C([H])([H])C([H])(N=C([O-])C([H])([H])C([H])([H])C([H])(N=C([O-])C([H])([H])C([H])([H])[C@@]([H])(N([H])C(=O)C1=C([H])C([H])=C(C([H])=C1[H])N(C([H])=O)C([H])([H])C1([H])N([H])C2=C(N([H])C(=N[H])N=C2[O-])N([H])C1([H])[H])C(=O)O[H])C(=O)O[H])C(=O)O[H])C(=O)O[H])C(=O)O[H])C([H])([H])C([H])([H])C([O-])=O,bio/10formyltetrahydrofolateglu6
10fthf7glu,10formyltetrahydrofolateglu7,C50H57N13O25,-8,0.0,0.0,,,,CHEBI:nan,,,10fthf7glu,10fthf7glu,,,,10fthf7glu,,,,MNXM5422,,,,,VTHHVZBTNSHUDD-UHFFFAOYSA-F,"InChI=1S/C50H65N13O25/c51-50-61-40-39(47(84)62-50)53-23(19-52-40)20-63(21-64)24-3-1-22(2-4-24)41(78)59-30(48(85)86)5-12-32(65)54-25(6-13-33(66)67)42(79)55-26(7-14-34(68)69)43(80)56-27(8-15-35(70)71)44(81)57-28(9-16-36(72)73)45(82)58-29(10-17-37(74)75)46(83)60-31(49(87)88)11-18-38(76)77/h1-4,21,23,25-31,53H,5-20H2,(H,54,65)(H,55,79)(H,56,80)(H,57,81)(H,58,82)(H,59,78)(H,60,83)(H,66,67)(H,68,69)(H,70,71)(H,72,73)(H,74,75)(H,76,77)(H,85,86)(H,87,88)(H4,51,52,61,62,84)/p-8",[H]OC1=NC(=N[H])N([H])C2=C1N([H])C([H])(C([H])([H])N(C([H])=O)C1=C([H])C([H])=C(C([H])=C1[H])C(=O)N([H])C([H])(C([O-])=O)C([H])([H])C([H])([H])C(=O)N([H])C([H])(C(=O)N([H])C([H])(C(=O)N([H])C([H])(C(=O)N([H])C([H])(C(=O)N([H])C([H])(C(=O)N([H])C([H])(C([O-])=O)C([H])([H])C([H])([H])C([O-])=O)C([H])([H])C([H])([H])C([O-])=O)C([H])([H])C([H])([H])C([O-])=O)C([H])([H])C([H])([H])C([O-])=O)C([H])([H])C([H])([H])C([O-])=O)C([H])([H])C([H])([H])C([O-])=O)C([H])([H])N2[H],bio/10formyltetrahydrofolateglu7
11_cis_retfa,fattyacid11cisretinol,C20H29OFULLR2CO,0,0.0,0.0,,,,CHEBI:nan,,,11_cis_retfa,11_cis_retfa,,,,11_cis_retfa,,,,MNXM146564,,,,,,,,bio/fattyacid11cisretinol
11docrtsl,cortexolone,C21H30O4,0,346.4605,346.21440939999997,C05488,CHEMBL253144,53477676.0,CHEBI:nan,HMDB0000015,,11docrtsl,11docrtsl,FDB021872,,11-DEOXY-CORTISOL,11docrtsl,Cortexolone,,cpd03268,MNXM163103,,5088.0,152-58-9,DTXSID8045642,WHBHBVVOGNECLV-OBQKJFGGSA-N,"InChI=1S/C21H30O4/c1-19-8-5-14(23)11-13(19)3-4-15-16(19)6-9-20(2)17(15)7-10-21(20,25)18(24)12-22/h11,15-17,22,25H,3-10,12H2,1-2H3/t15-,16+,17+,19+,20+,21+/m1/s1",[H]OC([H])([H])C(=O)[C@@]1(O[H])C([H])([H])C([H])([H])[C@@]2([H])[C@]3([H])C([H])([H])C([H])([H])C4=C([H])C(=O)C([H])([H])C([H])([H])[C@]4(C([H])([H])[H])[C@@]3([H])C([H])([H])C([H])([H])[C@]12C([H])([H])[H],bio/CHEMBL253144
11docrtstrn,deoxycorticosterone,C21H30O3,0,330.4611,330.2194948,C03205,CHEMBL1498,6166.0,CHEBI:16973.0,HMDB0000016,,11docrtstrn,11docrtstrn,FDB021873,5932.0,11-DEOXYCORTICOSTERONE,11docrtstrn,Deoxycorticosterone,,cpd02047,MNXM162887,,5089.0,64-85-7,DTXSID0045254,ZESRJSPZRDMNHY-YFWFAHHUSA-N,"InChI=1S/C21H30O3/c1-20-9-7-14(23)11-13(20)3-4-15-16-5-6-18(19(24)12-22)21(16,2)10-8-17(15)20/h11,15-18,22H,3-10,12H2,1-2H3/t15-,16-,17-,18+,20-,21-/m0/s1",[H]OC([H])([H])C(=O)[C@@]1([H])C([H])([H])C([H])([H])[C@@]2([H])[C@]3([H])C([H])([H])C([H])([H])C4=C([H])C(=O)C([H])([H])C([H])([H])[C@]4(C([H])([H])[H])[C@@]3([H])C([H])([H])C([H])([H])[C@]12C([H])([H])[H],bio/CHEMBL1498
12dgr120,12diacylsnglyceroldidodecanoylnc120,C27H52O5,0,0.0,0.0,,,,CHEBI:nan,,,12dgr120,12dgr120,,,,12dgr120,,,cpd15306,MNXM4939,,,,,OQQOAWVKVDAJOI-UHFFFAOYSA-N,"InChI=1S/C27H52O5/c1-3-5-7-9-11-13-15-17-19-21-26(29)31-24-25(23-28)32-27(30)22-20-18-16-14-12-10-8-6-4-2/h25,28H,3-24H2,1-2H3",[H]OC([H])([H])C([H])(OC(=O)C([H])([H])C([H])([H])C([H])([H])C([H])([H])C([H])([H])C([H])([H])C([H])([H])C([H])([H])C([H])([H])C([H])([H])C([H])([H])[H])C([H])([H])OC(=O)C([H])([H])C([H])([H])C([H])([H])C([H])([H])C([H])([H])C([H])([H])C([H])([H])C([H])([H])C([H])([H])C([H])([H])C([H])([H])[H],bio/12diacylsnglyceroldidodecanoylnc120
12dhchol,12dehydrocholicacid12oxodeoxycholicacid12oxo3alpha7alphadihydroxy5betacholan24oicacid,C24H37O5,-1,0.0,0.0,,,,CHEBI:nan,,,,12dhchol,,,,,,,,,,,,,,,,bio/12dehydrocholicacid12oxodeoxycholicacid12oxo3alpha7alphadihydroxy5betacholan24oicacid
12harachd,12hete,C20H31O3,-1,320.4663,320.23514489999997,,,5312983.0,CHEBI:nan,HMDB0006111,,12harachd,12harachd,FDB001435,4472408.0,,12harachd,,,,MNXM13977,C00000424,,71030-37-0,,ZNHVWPKMFKADKW-FUOBAMOMSA-M,"InChI=1S/C20H32O3/c1-2-3-4-5-10-13-16-19(21)17-14-11-8-6-7-9-12-15-18-20(22)23/h7-11,13-14,17,19,21H,2-6,12,15-16,18H2,1H3,(H,22,23)/p-1/b9-7+,11-8?,13-10-,17-14?",[H]OC([H])(C(\[H])=C(\[H])/C(/[H])=C(/[H])C([H])([H])C(\[H])=C(/[H])C([H])([H])C([H])([H])C([H])([H])C([O-])=O)C([H])([H])C(\[H])=C(\[H])C([H])([H])C([H])([H])C([H])([H])C([H])([H])C([H])([H])[H],bio/12hete
12HPET,12shpete,C20H31O4,-1,336.4657,336.23005950000004,C05965,CHEMBL1447811,5280892.0,CHEBI:15626.0,HMDB0004243,,12HPET,12HPET,FDB023348,4444415.0,,12HPET,,,,MNXM13989,,7038.0,71774-10-2,DTXSID50349638,ZIOZYRSDNLNNNJ-APFHZBIOSA-M,"InChI=1S/C20H32O4/c1-2-3-4-5-10-13-16-19(24-23)17-14-11-8-6-7-9-12-15-18-20(21)22/h7-11,13-14,17,19,23H,2-6,12,15-16,18H2,1H3,(H,21,22)/p-1/b9-7-,11-8-,13-10-,17-14?/t19-/m0/s1",[H]OO[C@]([H])(C([H])=C([H])C([H])=C([H])C([H])([H])C([H])=C([H])C([H])([H])C([H])([H])C([H])([H])C([O-])=O)C([H])([H])C([H])=C([H])C([H])([H])C([H])([H])C([H])([H])C([H])([H])C([H])([H])[H],bio/CHEMBL1447811
12htacr,12htormvi12hydroxytacrolimus,C44H69NO13,0,0.0,0.0,,,,CHEBI:nan,,,,,,,,,,,,,,,,,,,,bio/12htormvi12hydroxytacrolimus
12ppd_R,propyleneglycol,C3H8O2,0,76.0944,76.0524295,C00583,CHEMBL286398,1030.0,CHEBI:16997.0,HMDB0001881,,12ppd_R,12ppd_R,FDB008274,13835224.0,"PROPANE-1,2-DIOL",12ppd__R,"1,2-Propanediol",,cpd01861,MNXM90191,C00007410,3220.0,57-55-6,DTXSID0021206,DNIAPMSPPWPWGF-UHFFFAOYSA-N,"InChI=1S/C3H8O2/c1-3(5)2-4/h3-5H,2H2,1H3",[H]OC([H])([H])C([H])(O[H])C([H])([H])[H],bio/CHEMBL286398
12ppd_S,spropane12diol,C3H8O2,0,76.0944,76.0524295,C02917,,439846.0,CHEBI:29002.0,HMDB0006213,,12ppd_S,12ppd_S,FDB023838,388890.0,--TRANS-ACENAPHTHENE-12-DIOL,12ppd__S,"1,2-propanediol",,cpd00453,MNXM1255,,3220.0,4254-15-3,,DNIAPMSPPWPWGF-VKHMYHEASA-N,"InChI=1S/C3H8O2/c1-3(5)2-4/h3-5H,2H2,1H3/t3-/m0/s1",[H]OC([H])([H])[C@@]([H])(O[H])C([H])([H])[H],bio/spropane12diol
12RHPET,12rhydroperoxyeicosatetraenoate,C20H31O4,-1,0.0,0.0,,,,CHEBI:nan,HMDB06222,,12RHPET,,,,,12RHPET,,,,MNXM13994,,,,,ZIOZYRSDNLNNNJ-AUXIVJNKSA-M,"InChI=1S/C20H32O4/c1-2-3-4-5-10-13-16-19(24-23)17-14-11-8-6-7-9-12-15-18-20(21)22/h7-11,13-14,17,19,23H,2-6,12,15-16,18H2,1H3,(H,21,22)/p-1/b9-7-,11-8-,13-10-,17-14?/t19-/m1/s1",[H]OO[C@@]([H])(C([H])=C([H])C([H])=C([H])C([H])([H])C([H])=C([H])C([H])([H])C([H])([H])C([H])([H])C([O-])=O)C([H])([H])C([H])=C([H])C([H])([H])C([H])([H])C([H])([H])C([H])([H])C([H])([H])[H],bio/12rhydroperoxyeicosatetraenoate
13_cis_oretn,13cisoxoretinoicacid,C20H27O3,-1,0.0,0.0,,,,CHEBI:nan,,,13_cis_oretn,13_cis_oretn,,,,13_cis_oretn,,,,MNXM146866,,,,,GGCUJPCCTQNTJF-FAOQNJJDSA-M,"InChI=1S/C20H26O3/c1-14(7-6-8-15(2)13-19(22)23)9-10-17-16(3)18(21)11-12-20(17,4)5/h6-10,13H,11-12H2,1-5H3,(H,22,23)/p-1/b8-6+,10-9+,14-7+,15-13-",[H]/C(=C(/[H])\C(=C(\[H])C([O-])=O)\C([H])([H])[H])/C(/[H])=C(/C(/[H])=C(\[H])C1=C(C(=O)C([H])([H])C([H])([H])C1(C([H])([H])[H])C([H])([H])[H])C([H])([H])[H])\C([H])([H])[H],bio/13cisoxoretinoicacid
13_cis_retn,13cisretinoicacid,C20H27O2,-1,300.4351,300.20893010000003,D00348,,5282379.0,CHEBI:6067.0,HMDB0006219,,13_cis_retn,13_cis_retn,FDB023843,4445539.0,,13_cis_retn,13-cis-retinoic_acid,DB00982,,MNXM58377,,,4759-48-2,DTXSID4023177,SHGAZHPCJJPHSC-XFYACQKRSA-M,"InChI=1S/C20H28O2/c1-15(8-6-9-16(2)14-19(21)22)11-12-18-17(3)10-7-13-20(18,4)5/h6,8-9,11-12,14H,7,10,13H2,1-5H3,(H,21,22)/p-1/b9-6+,12-11+,15-8+,16-14-",[H]/C(=C(/[H])\C(=C(\[H])C([O-])=O)\C([H])([H])[H])/C(/[H])=C(/C(/[H])=C(\[H])C1=C(C([H])([H])[H])C([H])([H])C([H])([H])C([H])([H])C1(C([H])([H])[H])C([H])([H])[H])\C([H])([H])[H],bio/13cisretinoicacid
13_cis_retnglc,13cisretinoylglucuronide,C26H35O8,-1,476.56600949999995,476.24101809999996,,,5281877.0,CHEBI:nan,,,13_cis_retnglc,13_cis_retnglc,,,,13_cis_retnglc,,,,MNXM146867,,,401-10-5,DTXSID40274187,MTGFYEHKPMOVNE-JZXLACIESA-M,"InChI=1S/C26H36O8/c1-15(11-12-18-17(3)10-7-13-26(18,4)5)8-6-9-16(2)14-19(27)33-25-22(30)20(28)21(29)23(34-25)24(31)32/h6,8-9,11-12,14,20-23,25,28-30H,7,10,13H2,1-5H3,(H,31,32)/p-1/b9-6+,12-11-,15-8+,16-14+/t20-,21-,22+,23-,25+/m0/s1",[H]O[C@@]1([H])[C@]([H])(OC(=O)C(\[H])=C(\C(\[H])=C(/[H])\C(\[H])=C(\C([H])=C([H])C2=C(C([H])([H])[H])C([H])([H])C([H])([H])C([H])([H])C2(C([H])([H])[H])C([H])([H])[H])C([H])([H])[H])/C([H])([H])[H])O[C@]([H])(C([O-])=O)[C@@]([H])(O[H])[C@]1([H])O[H],bio/13cisretinoylglucuronide
1331tacr,1331odidesmethyltacrolimus,C42H65NO12,0,0.0,0.0,,,,CHEBI:nan,,,,,,,,,,,,,,,,,,,,bio/1331odidesmethyltacrolimus
13dampp,13diaminopropane,C3H12N2,2,74.1249,74.08439833,C00986,CHEMBL174324,428.0,CHEBI:15725.0,HMDB0000002,,13dampp,13dampp,FDB005274,415.0,CPD-313,13dampp,,,cpd00726,MNXM146468,C00007404,5081.0,109-76-2,DTXSID1021906,XFNJVJPLKCPIBV-UHFFFAOYSA-P,InChI=1S/C3H10N2/c4-2-1-3-5/h1-5H2/p+2,[H][N+]([H])([H])C([H])([H])C([H])([H])C([H])([H])[N+]([H])([H])[H],bio/CHEMBL174324
13dmt,13odesmethyltacrolimus13dmtormi,C43H67NO12,0,0.0,0.0,,,,CHEBI:nan,,,,,,,,,,,,,,,,,,,,bio/13odesmethyltacrolimus13dmtormi
13dpg,glycericacid13biphosphate,C3H4O10P2,-4,266.0371,265.9592695,C00236,,683.0,CHEBI:nan,HMDB0001270,3-phospho-D-glyceroyl dihydrogen phosphate;D-glyceraldehyde 3-phosphate,13dpg,13dpg,FDB022524,663.0,DPG,13dpg,"1,3-Biphosphoglycerate",,cpd00203,MNXM261,,,1981-49-3,,LJQLQCAXBUHEAZ-UWTATZPHSA-J,"InChI=1S/C3H8O10P2/c4-2(1-12-14(6,7)8)3(5)13-15(9,10)11/h2,4H,1H2,(H2,6,7,8)(H2,9,10,11)/p-4/t2-/m1/s1",[H]O[C@@]([H])(C(=O)OP([O-])([O-])=O)C([H])([H])OP([O-])([O-])=O,bio/glycericacid13biphosphate
14hmdz,14dihydroxymidazolam,C18H13ClFN3O2,0,0.0,0.0,,,,CHEBI:nan,,,,,,,,,,,,,,,,,,,,bio/14dihydroxymidazolam
1513tacr,1315odidesmethyltacrolimus,C42H65NO12,0,0.0,0.0,,,,CHEBI:nan,,,,,,,,,,,,,,,,,,,,bio/1315odidesmethyltacrolimus
1531tacr,1531odidesmethyltacrolimus,C42H65NO12,0,0.0,0.0,,,,CHEBI:nan,,,,,,,,,,,,,,,,,,,,bio/1531odidesmethyltacrolimus
15dmt,15dmtormiii15odesmethyltacrolimus,C43H67NO12,0,0.0,0.0,,,,CHEBI:nan,,,,,,,,,,,,,,,,,,,,bio/15dmtormiii15odesmethyltacrolimus
15HPET,15shydroperoxyeicosatetraenoate,C20H31O4,-1,0.0,0.0,,,5280893.0,CHEBI:nan,,,15HPET,15HPET,,,,15HPET,,,cpd03555,MNXM162620,,,,,BFWYTORDSFIVKP-VAEKSGALSA-M,"InChI=1S/C20H32O4/c1-2-3-13-16-19(24-23)17-14-11-9-7-5-4-6-8-10-12-15-18-20(21)22/h4-5,8-11,14,17,19,23H,2-3,6-7,12-13,15-16,18H2,1H3,(H,21,22)/p-1/b5-4-,10-8-,11-9-,17-14+/t19-/m0/s1",[H]OO[C@]([H])(C([H])=C([H])C([H])=C([H])C([H])([H])C([H])=C([H])C([H])([H])C([H])=C([H])C([H])([H])C([H])([H])C([H])([H])C([O-])=O)C([H])([H])C([H])([H])C([H])([H])C([H])([H])C([H])([H])[H],bio/15shydroperoxyeicosatetraenoate
15kprostgf2,15ketoprostaglandinf2a,C20H31O5,-1,0.0,0.0,,,,CHEBI:nan,,,,15kprostgf2,,,,,,,,,,,,,LOLJEILMPWPILA-AMFHKTBMSA-M,"InChI=1S/C20H32O5/c1-2-3-6-9-15(21)12-13-17-16(18(22)14-19(17)23)10-7-4-5-8-11-20(24)25/h4,7,12-13,16-19,22-23H,2-3,5-6,8-11,14H2,1H3,(H,24,25)/p-1/b7-4-,13-12+/t16-,17-,18+,19-/m1/s1",[H]O[C@]1([H])C([H])([H])[C@]([H])(O[H])[C@]([H])(C([H])([H])C(\[H])=C(\[H])C([H])([H])C([H])([H])C([H])([H])C([O-])=O)[C@@]1([H])C(\[H])=C(/[H])C(=O)C([H])([H])C([H])([H])C([H])([H])C([H])([H])C([H])([H])[H],bio/15ketoprostaglandinf2a
17ahprgnlone,17ahydroxypregnenolone,C21H32O3,0,332.477,332.23514489999997,C05138,,91451.0,CHEBI:28750.0,HMDB0000363,,17ahprgnlone,17ahprgnlone,FDB021982,82579.0,,17ahprgnlone,17Î±-Hydroxypregnenolone,,cpd03058,MNXM162733,,5352.0,387-79-1,,JERGUCIJOXJXHF-TVWVXWENSA-N,"InChI=1S/C21H32O3/c1-13(22)21(24)11-8-18-16-5-4-14-12-15(23)6-9-19(14,2)17(16)7-10-20(18,21)3/h4,15-18,23-24H,5-12H2,1-3H3/t15-,16+,17-,18-,19-,20-,21-/m0/s1",[H]O[C@]1([H])C([H])([H])C2=C([H])C([H])([H])[C@@]3([H])[C@]4([H])C([H])([H])C([H])([H])[C@](O[H])(C(=O)C([H])([H])[H])[C@@]4(C([H])([H])[H])C([H])([H])C([H])([H])[C@]3([H])[C@@]2(C([H])([H])[H])C([H])([H])C1([H])[H],bio/17ahydroxypregnenolone
17ahprgstrn,17hydroxyprogesterone,C21H30O3,0,330.4611,330.2194948,C01176,CHEMBL1062,6238.0,CHEBI:17252.0,HMDB0000374,,17ahprgstrn,17ahprgstrn,FDB021992,6002.0,,17ahprgstrn,17-Hydroxyprogesterone,,cpd00866,MNXM162621,,5363.0,68-96-2,DTXSID6040747,DBPWSSGDRRHUNT-CEGNMAFCSA-N,"InChI=1S/C21H30O3/c1-13(22)21(24)11-8-18-16-5-4-14-12-15(23)6-9-19(14,2)17(16)7-10-20(18,21)3/h12,16-18,24H,4-11H2,1-3H3/t16-,17+,18+,19+,20+,21+/m1/s1",[H]O[C@]1(C(=O)C([H])([H])[H])C([H])([H])C([H])([H])[C@@]2([H])[C@]3([H])C([H])([H])C([H])([H])C4=C([H])C(=O)C([H])([H])C([H])([H])[C@]4(C([H])([H])[H])[C@@]3([H])C([H])([H])C([H])([H])[C@]12C([H])([H])[H],bio/CHEMBL1062
18harachd,18hydroxyarachidonicacid,C20H31O3,-1,320.4663,320.23514489999997,,,11141754.0,CHEBI:91132.0,HMDB0006245,,18harachd,18harachd,FDB023857,9316866.0,,18harachd,,,,MNXM14054,,,124411-81-0,,PPCHNRUZQWLEMF-LFFPGIGVSA-M,"InChI=1S/C20H32O3/c1-2-19(21)17-15-13-11-9-7-5-3-4-6-8-10-12-14-16-18-20(22)23/h4-7,10-13,19,21H,2-3,8-9,14-18H2,1H3,(H,22,23)/p-1/b6-4-,7-5-,12-10-,13-11-/t19-/m1/s1",[H]O[C@]([H])(C([H])([H])C([H])([H])[H])C([H])([H])C([H])([H])C(\[H])=C(\[H])C([H])([H])C(\[H])=C(\[H])C([H])([H])C(\[H])=C(\[H])C([H])([H])C(\[H])=C(\[H])C([H])([H])C([H])([H])C([H])([H])C([O-])=O,bio/18hydroxyarachidonicacid
1a2425thvitd2,1a24r25trihydroxyvitamind2,C28H44O4,0,444.6466,444.3239598999999,,,9547253.0,CHEBI:nan,HMDB0006227,,1a2425thvitd2,1a2425thvitd2,FDB023847,7826193.0,,1a2425thvitd2,,,,MNXM9596,,,,,KRGCLKZOZQUAFK-ABEKVIRTSA-N,"InChI=1S/C28H44O4/c1-18(13-15-28(6,32)26(3,4)31)23-11-12-24-20(8-7-14-27(23,24)5)9-10-21-16-22(29)17-25(30)19(21)2/h9-10,13,15,18,22-25,29-32H,2,7-8,11-12,14,16-17H2,1,3-6H3/b15-13+,20-9+,21-10-/t18-,22-,23-,24+,25+,27-,28-/m1/s1",[H]O[C@]1([H])C(=C([H])[H])\C(=C(\[H])/C(/[H])=C2\C([H])([H])C([H])([H])C([H])([H])[C@@]3(C([H])([H])[H])[C@@]2([H])C([H])([H])C([H])([H])[C@]3([H])[C@@]([H])(C(\[H])=C(/[H])[C@](O[H])(C([H])([H])[H])C(O[H])(C([H])([H])[H])C([H])([H])[H])C([H])([H])[H])C([H])([H])[C@@]([H])(O[H])C1([H])[H],bio/1a24r25trihydroxyvitamind2
1a2425thvitd3,24hydroxycalcitriol,C27H44O4,0,432.6359,432.3239598999999,,,6446280.0,CHEBI:47799.0,HMDB0006228,,1a2425thvitd3,,FDB023848,4949843.0,,1a2425thvitd3,,,,MNXM9597,,,56142-94-0,DTXSID40432720,WFZKUWGUJVKMHC-UKBUZQLGSA-N,"InChI=1S/C27H44O4/c1-17(8-13-25(30)26(3,4)31)22-11-12-23-19(7-6-14-27(22,23)5)9-10-20-15-21(28)16-24(29)18(20)2/h9-10,17,21-25,28-31H,2,6-8,11-16H2,1,3-5H3/b19-9+,20-10-/t17-,21-,22-,23+,24+,25-,27-/m1/s1",[H]O[C@]([H])(C([H])([H])C([H])([H])[C@@]([H])(C([H])([H])[H])[C@@]1([H])C([H])([H])C([H])([H])[C@@]2([H])\C(=C(/[H])\C(\[H])=C3/C(=C([H])[H])[C@@]([H])(O[H])C([H])([H])[C@]([H])(O[H])C3([H])[H])C([H])([H])C([H])([H])C([H])([H])[C@]12C([H])([H])[H])C(O[H])(C([H])([H])[H])C([H])([H])[H],bio/24hydroxycalcitriol
1a25dhvitd2,ercalcitriol,C28H44O3,0,428.6472,428.32904529999996,,,9547243.0,CHEBI:86320.0,HMDB0006225,,1a25dhvitd2,1a25dhvitd2,FDB023845,7826183.0,,1a25dhvitd2,,,,MNXM9598,,,60133-18-8,DTXSID90429509,ZGLHBRQAEXKACO-XJRQOBMKSA-N,"InChI=1S/C28H44O3/c1-18(9-10-19(2)27(4,5)31)24-13-14-25-21(8-7-15-28(24,25)6)11-12-22-16-23(29)17-26(30)20(22)3/h9-12,18-19,23-26,29-31H,3,7-8,13-17H2,1-2,4-6H3/b10-9+,21-11+,22-12-/t18-,19+,23-,24-,25+,26+,28-/m1/s1",[H]O[C@]1([H])C(=C([H])[H])\C(=C(\[H])/C(/[H])=C2\C([H])([H])C([H])([H])C([H])([H])[C@@]3(C([H])([H])[H])[C@@]2([H])C([H])([H])C([H])([H])[C@]3([H])[C@@]([H])(C(\[H])=C(/[H])[C@]([H])(C([H])([H])[H])C(O[H])(C([H])([H])[H])C([H])([H])[H])C([H])([H])[H])C([H])([H])[C@@]([H])(O[H])C1([H])[H],bio/ercalcitriol
1a25dhvitd3,calcitriol,C27H44O3,0,416.6365,416.3290453,C01673,CHEMBL846,5280453.0,CHEBI:17823.0,HMDB0001903,,1a25dhvitd3,1a25dhvitd3,FDB021822,4444108.0,CALCITRIOL,1a25dhvitd3,Calcitriol,DB00136,,MNXM9599,,6382.0,32222-06-3,DTXSID5022722,GMRQFYUYWCNGIN-NKMMMXOESA-N,"InChI=1S/C27H44O3/c1-18(8-6-14-26(3,4)30)23-12-13-24-20(9-7-15-27(23,24)5)10-11-21-16-22(28)17-25(29)19(21)2/h10-11,18,22-25,28-30H,2,6-9,12-17H2,1,3-5H3/b20-10+,21-11-/t18-,22-,23-,24+,25+,27-/m1/s1",[H]O[C@]1([H])C(=C([H])[H])\C(=C(\[H])/C(/[H])=C2\C([H])([H])C([H])([H])C([H])([H])[C@@]3(C([H])([H])[H])[C@@]2([H])C([H])([H])C([H])([H])[C@]3([H])[C@]([H])(C([H])([H])[H])C([H])([H])C([H])([H])C([H])([H])C(O[H])(C([H])([H])[H])C([H])([H])[H])C([H])([H])[C@@]([H])(O[H])C1([H])[H],bio/CHEMBL846
1glyc_hs,1acylphosphoglycerol,C6H13O7PFULLRCO2,-1,0.0,0.0,,,,CHEBI:nan,,,1glyc_hs,1glyc_hs,,,,1glyc_hs,,,,MNXM13807,,,,,,,,bio/1acylphosphoglycerol
1hibup_S,1hydroxysibuprofen,C13H17O3,-1,0.0,0.0,,,45117195.0,CHEBI:nan,,,,,,21686528.0,,,,,,,,,,,,,,bio/1hydroxysibuprofen
1hibupglu_S,1hydroxysibuprofenglucuronide,C19H25O9,-1,0.0,0.0,,,,CHEBI:nan,,,,,,,,,,,,,,,,,,,,bio/1hydroxysibuprofenglucuronide
1hmdgluc,1ohmidazolamglucuronide,C24H20ClFN3O7,-1,0.0,0.0,,,,CHEBI:nan,,,,,,,,,,,,,,,,,,,,bio/1ohmidazolamglucuronide
1mncam,1methylnicotinamide,C7H9N2O,1,137.1592,137.0714879,C02918,CHEMBL71733,457.0,CHEBI:16797.0,HMDB0000699,,1mncam,1mncam,FDB022188,444.0,CPD-396,1mncam,,,,MNXM2172,,5667.0,3106-60-3,DTXSID10185019,LDHMAVIPBRSVRG-UHFFFAOYSA-O,"InChI=1S/C7H8N2O/c1-9-4-2-3-6(5-9)7(8)10/h2-5H,1H3,(H-,8,10)/p+1",[H]N([H])C(=O)C1=C([H])[N+](=C([H])C([H])=C1[H])C([H])([H])[H],bio/CHEMBL71733
1mpyr,1methylpyrrolinium,C5H10N,1,84.1396,84.08132433,,,,CHEBI:27435.0,HMDB0060253,,,,,,CPD-7994,1mpyr,,,cpd03688,MNXM1615,,,,,FDWZAOGDOVQOLD-UHFFFAOYSA-N,"InChI=1S/C5H10N/c1-6-4-2-3-5-6/h4H,2-3,5H2,1H3/q+1",[H]C1=[N+](C([H])([H])[H])C([H])([H])C([H])([H])C1([H])[H],bio/1methylpyrrolinium
1ohmdz,1ohmidazolam,C18H13ClFN3O,0,0.0,0.0,,,,CHEBI:nan,,,,,,,,,,,,,,,,,,,,bio/1ohmidazolam
1p2cbxl,1pyrroline2carboxylicacid,C5H6NO2,-1,113.1146,113.04767849999999,C03564,CHEMBL18591,440046.0,CHEBI:36761.0,HMDB0006875,,,,FDB024129,389057.0,DELTA1-PYRROLINE_2-CARBOXYLATE,1p2cbxl,,,cpd02235,MNXM165560,,,,,RHTAIKJZSXNELN-UHFFFAOYSA-M,"InChI=1S/C5H7NO2/c7-5(8)4-2-1-3-6-4/h1-3H2,(H,7,8)/p-1",[H]C1([H])N=C(C([O-])=O)C([H])([H])C1([H])[H],bio/CHEMBL18591
1p3h5c,pyrrolinehydroxycarboxylicacid,C5H6NO3,-1,129.114,129.04259309999998,C04281,,1059.0,CHEBI:27391.0,HMDB0001369,,1p3h5c,1p3h5c,FDB022582,1030.0,PYRROLINE-HYDROXY-CARBOXYLATE,1p3h5c,,,cpd02625,MNXM114091,,6196.0,22573-88-2,,WFOFKRKDDKGRIK-IUYQGCFVSA-M,"InChI=1S/C5H7NO3/c7-3-1-4(5(8)9)6-2-3/h2-4,7H,1H2,(H,8,9)/p-1/t3-,4+/m0/s1",[H]O[C@@]1([H])C([H])=N[C@]([H])(C([O-])=O)C1([H])[H],bio/pyrrolinehydroxycarboxylicacid
1pipdn2c,d1piperideine2carboxylicacid,C6H9NO2,0,127.1412,127.0633285,C04092,CHEMBL308149,1194.0,CHEBI:30912.0,HMDB0001084,,1pipdn2c,1pipdn2c,FDB022415,1157.0,delta(1)-piperideine-2-carboxylate,1pipdn2c,,,cpd00922,MNXM911,,5992.0,2756-89-0,DTXSID80181962,GEJXSVNGWOSZPC-UHFFFAOYSA-N,"InChI=1S/C6H9NO2/c8-6(9)5-3-1-2-4-7-5/h1-4H2,(H,8,9)",[H]OC(=O)C1=NC([H])([H])C([H])([H])C([H])([H])C1([H])[H],bio/CHEMBL308149
1pyr5c,1pyrroline5carboxylate,C5H6NO2,-1,113.1159973,113.04767849999999,C03912,,1196.0,CHEBI:371.0,,,1pyr5c,1pyr5c,,,,1pyr5c,,,cpd02431,MNXM1617,,,64199-88-8,DTXSID10331473,DWAKNKKXGALPNW-UHFFFAOYSA-M,"InChI=1S/C5H7NO2/c7-5(8)4-2-1-3-6-4/h3-4H,1-2H2,(H,7,8)/p-1",[H]C1=NC([H])(C([O-])=O)C([H])([H])C1([H])[H],bio/1pyrroline5carboxylate
20ahchsterol,20alphahydroxycholesterol,C27H46O2,0,402.6529,402.3497807,C05500,CHEMBL173898,440711.0,CHEBI:1296.0,HMDB0006283,,20ahchsterol,20ahchsterol,FDB023876,389586.0,20A-HYDROXY-CHOLESTEROL,20ahchsterol,,,,MNXM164166,,,516-72-3,,MCKLJFJEQRYRQT-APGJSSKUSA-N,"InChI=1S/C27H46O2/c1-18(2)7-6-14-27(5,29)24-11-10-22-21-9-8-19-17-20(28)12-15-25(19,3)23(21)13-16-26(22,24)4/h8,18,20-24,28-29H,6-7,9-17H2,1-5H3/t20-,21-,22-,23-,24-,25-,26-,27-/m0/s1",[H]O[C@]1([H])C([H])([H])C2=C([H])C([H])([H])[C@@]3([H])[C@]4([H])C([H])([H])C([H])([H])[C@]([H])([C@](O[H])(C([H])([H])[H])C([H])([H])C([H])([H])C([H])([H])C([H])(C([H])([H])[H])C([H])([H])[H])[C@@]4(C([H])([H])[H])C([H])([H])C([H])([H])[C@]3([H])[C@@]2(C([H])([H])[H])C([H])([H])C1([H])[H],bio/CHEMBL173898
21hprgnlone,21hydroxypregnenolone,C21H32O3,0,0.0,0.0,,,,CHEBI:nan,,,,21hprgnlone,,,,,,,,,,,,,MOIQRAOBRXUWGN-ANWDBCJUSA-N,"InChI=1S/C21H32O3/c1-20-9-7-14(23)11-13(20)3-4-15-16-5-6-18(19(24)12-22)21(16,2)10-8-17(15)20/h3,14-18,22-23H,4-12H2,1-2H3/t14-,15?,16?,17?,18+,20-,21-/m0/s1",[H]OC([H])([H])C(=O)[C@@]1([H])C([H])([H])C([H])([H])C2([H])C3([H])C([H])([H])C([H])=C4C([H])([H])[C@@]([H])(O[H])C([H])([H])C([H])([H])[C@]4(C([H])([H])[H])C3([H])C([H])([H])C([H])([H])[C@]12C([H])([H])[H],bio/21hydroxypregnenolone
23cump,uridine23cyclicphosphate,C9H10N2O8P,-1,306.166,306.0253019,C02355,,439715.0,CHEBI:28637.0,HMDB0011640,,,23cump,FDB028337,388781.0,,23cump,,,cpd01572,MNXM3150,,,40632-52-8,,HWDMHJDYMFRXOX-XVFCMESISA-M,"InChI=1S/C9H11N2O8P/c12-3-4-6-7(19-20(15,16)18-6)8(17-4)11-2-1-5(13)10-9(11)14/h1-2,4,6-8,12H,3H2,(H,15,16)(H,10,13,14)/p-1/t4-,6-,7-,8-/m1/s1",[H]OC([H])([H])[C@@]1([H])O[C@@]([H])(N2C([H])=C([H])C(=O)N([H])C2=O)[C@]2([H])OP([O-])(=O)O[C@]12[H],bio/uridine23cyclicphosphate
23dh1i56dio,23dihydro1hindole56dione,C8H7NO2,0,149.1490021,149.0476785,,,,CHEBI:nan,,,,23dh1i56dio,,,,,,,,,,,67992-45-4,DTXSID80218186,XDEURYRPQDIBSL-UHFFFAOYSA-N,"InChI=1S/C8H7NO2/c10-7-3-5-1-2-9-6(5)4-8(7)11/h3-4,9H,1-2H2",[H]N1C2=C([H])C(=O)C(=O)C([H])=C2C([H])([H])C1([H])[H],bio/23dihydro1hindole56dione
23doguln,23diketolgulonate,C6H7O7,-1,192.1235,192.02700259999997,C04575,,53477844.0,CHEBI:15622.0,HMDB0006511,,23doguln,23doguln,FDB023950,,"2,3-diketo-l-gulonate",23doguln,,,cpd02784,MNXM958,,,3445-22-5,DTXSID40331486,GJQWCDSAOUMKSE-STHAYSLISA-M,"InChI=1S/C6H8O7/c7-1-2(8)3(9)4(10)5(11)6(12)13/h2-3,7-9H,1H2,(H,12,13)/p-1/t2-,3+/m0/s1",[H]OC([H])([H])[C@]([H])(O[H])[C@@]([H])(O[H])C(=O)C(=O)C([O-])=O,bio/23diketolgulonate
23dpg,23diphosphoglycericacid,C3H3O10P2,-5,266.0371,265.9592695,C01159,,186004.0,CHEBI:17720.0,HMDB0001294,"2,3-bisphospho-D-glyceric acid",23dpg,23dpg,FDB022538,161681.0,23-DIPHOSPHOGLYCERATE,23dpg,,,cpd00853,MNXM146487,,153.0,138-81-8,,XOHUEYCVLUUEJJ-UWTATZPHSA-I,"InChI=1S/C3H8O10P2/c4-3(5)2(13-15(9,10)11)1-12-14(6,7)8/h2H,1H2,(H,4,5)(H2,6,7,8)(H2,9,10,11)/p-5/t2-/m1/s1",[H]C([H])(OP([O-])([O-])=O)[C@@]([H])(OP([O-])([O-])=O)C([O-])=O,bio/23diphosphoglycericacid
2425dhvitd2,24r25dihydroxyvitamind2,C28H44O3,0,0.0,0.0,,,,CHEBI:nan,,,2425dhvitd2,2425dhvitd2,,,,2425dhvitd2,,,,MNXM6764,,,,,BPEQZNMKGFTMQE-XIMRHTDJSA-N,"InChI=1S/C28H44O3/c1-19-9-12-23(29)18-22(19)11-10-21-8-7-16-27(5)24(13-14-25(21)27)20(2)15-17-28(6,31)26(3,4)30/h10-11,15,17,20,23-25,29-31H,1,7-9,12-14,16,18H2,2-6H3/b17-15+,21-10+,22-11-",[H]OC1([H])C([H])([H])\C(=C(/[H])\C(\[H])=C2/C([H])([H])C([H])([H])C([H])([H])C3(C([H])([H])[H])C2([H])C([H])([H])C([H])([H])C3([H])C([H])(C(\[H])=C(/[H])C(O[H])(C([H])([H])[H])C(O[H])(C([H])([H])[H])C([H])([H])[H])C([H])([H])[H])C(=C([H])[H])C([H])([H])C1([H])[H],bio/24r25dihydroxyvitamind2
2425dhvitd3,secalciferol,C27H44O3,0,416.6365,416.3290453,C07712,,5281059.0,CHEBI:nan,HMDB0060508,,2425dhvitd3,2425dhvitd3,,4444517.0,,2425dhvitd3,,,,MNXM6763,,,,DTXSID4021260,FCKJYANJHNLEEP-XRWYNYHCSA-N,"InChI=1S/C27H44O3/c1-18-8-12-22(28)17-21(18)11-10-20-7-6-16-27(5)23(13-14-24(20)27)19(2)9-15-25(29)26(3,4)30/h10-11,19,22-25,28-30H,1,6-9,12-17H2,2-5H3/b20-10+,21-11-/t19-,22+,23-,24+,25-,27-/m1/s1",[H]O[C@]([H])(C([H])([H])C([H])([H])[C@@]([H])(C([H])([H])[H])[C@@]1([H])C([H])([H])C([H])([H])[C@@]2([H])\C(=C(/[H])\C(\[H])=C3/C(=C([H])[H])C([H])([H])C([H])([H])[C@]([H])(O[H])C3([H])[H])C([H])([H])C([H])([H])C([H])([H])[C@]12C([H])([H])[H])C(O[H])(C([H])([H])[H])C([H])([H])[H],bio/secalciferol
24nph,4nitrocatechol,C6H5NO4,0,155.1082,155.02185769999997,C02235,CHEMBL42423,3505109.0,CHEBI:16318.0,HMDB0002916,,24nph,24nph,FDB023081,2745027.0,CPD-158,24nph,,,,MNXM9757,,,,,XJNPNXSISMKQEX-UHFFFAOYSA-N,"InChI=1S/C6H5NO4/c8-5-2-1-4(7(10)11)3-6(5)9/h1-3,8-9H",[H]OC1=C(O[H])C([H])=C(C([H])=C1[H])[N+]([O-])=O,bio/CHEMBL42423
25aics,saicar,C13H15N4O12P,-4,454.2833,454.07370860000003,C04823,,160666.0,CHEBI:18319.0,HMDB0000797,,25aics,25aics,FDB022251,141175.0,P-RIBOSYL-4-SUCCCARB-AMINOIMIDAZOLE,25aics,Phosphoribosylaminoimidazolesuccinocarboxamide,,cpd02921,MNXM32478,,5762.0,3031-95-6,DTXSID90184404,NAQGHJTUZRHGAC-GYAZKSLVSA-J,"InChI=1S/C13H19N4O12P/c14-10-7(11(22)16-4(13(23)24)1-6(18)19)15-3-17(10)12-9(21)8(20)5(29-12)2-28-30(25,26)27/h3-5,8-9,12,20-21H,1-2,14H2,(H,16,22)(H,18,19)(H,23,24)(H2,25,26,27)/p-4/t4?,5-,8-,9-,12-/m0/s1",[H]O[C@@]1([H])[C@@]([H])(O[C@]([H])(C([H])([H])OP([O-])([O-])=O)[C@@]1([H])O[H])N1C([H])=NC(C(=O)N([H])C([H])(C([O-])=O)C([H])([H])C([O-])=O)=C1N([H])[H],bio/saicar
25hvitd2,25hydroxyvitamind2,C28H44O2,0,412.6478,412.3341307,,,22833566.0,CHEBI:nan,HMDB0001438,,25hvitd2,25hvitd2,FDB022621,17216121.0,,25hvitd2,,,,MNXM4976,,,21343-40-8,,KJKIIUAXZGLUND-BJWBXCNSSA-N,"InChI=1S/C28H44O2/c1-19-10-14-24(29)18-23(19)13-12-22-8-7-17-28(6)25(15-16-26(22)28)20(2)9-11-21(3)27(4,5)30/h9,11-13,20-21,24-26,29-30H,1,7-8,10,14-18H2,2-6H3/b11-9+,22-12+,23-13-/t20-,21+,24+,25?,26+,28-/m1/s1",[H]O[C@]1([H])C([H])([H])\C(=C(/[H])\C(\[H])=C2/C([H])([H])C([H])([H])C([H])([H])[C@@]3(C([H])([H])[H])[C@@]2([H])C([H])([H])C([H])([H])C3([H])[C@@]([H])(C(\[H])=C(/[H])[C@]([H])(C([H])([H])[H])C(O[H])(C([H])([H])[H])C([H])([H])[H])C([H])([H])[H])C(=C([H])[H])C([H])([H])C1([H])[H],bio/25hydroxyvitamind2
25hvitd3,calcidiol,C27H44O2,0,400.6371,400.3341307,C01561,CHEMBL1040,5283731.0,CHEBI:17933.0,HMDB0003550,,25hvitd3,25hvitd3,FDB021782,4446820.0,CALCIDIOL,25hvitd3,Calcidiol,DB00146,,MNXM162388,C00040805,6949.0,19356-17-3,DTXSID0022721,JWUBBDSIWDLEOM-DTOXIADCSA-N,"InChI=1S/C27H44O2/c1-19-10-13-23(28)18-22(19)12-11-21-9-7-17-27(5)24(14-15-25(21)27)20(2)8-6-16-26(3,4)29/h11-12,20,23-25,28-29H,1,6-10,13-18H2,2-5H3/b21-11+,22-12-/t20-,23+,24-,25+,27-/m1/s1",[H]O[C@]1([H])C([H])([H])\C(=C(/[H])\C(\[H])=C2/C([H])([H])C([H])([H])C([H])([H])[C@@]3(C([H])([H])[H])[C@@]2([H])C([H])([H])C([H])([H])[C@]3([H])[C@]([H])(C([H])([H])[H])C([H])([H])C([H])([H])C([H])([H])C(O[H])(C([H])([H])[H])C([H])([H])[H])C(=C([H])[H])C([H])([H])C1([H])[H],bio/CHEMBL1040
2amac,2aminoacrylicacid,C3H5NO2,0,87.0773,87.03202841,C02218,,123991.0,CHEBI:17123.0,HMDB0003609,,2amac,2amac,FDB023206,110510.0,,2amac,Dehydroalanine,DB02688,cpd01495,MNXM3414,,,28453-71-6,DTXSID90173131,UQBOJOOOTLPNST-UHFFFAOYSA-N,"InChI=1S/C3H5NO2/c1-2(4)3(5)6/h1,4H2,(H,5,6)",[H]C([H])=C(C([O-])=O)[N+]([H])([H])[H],bio/2aminoacrylicacid
2ameph,ciliatine,C2H7NO3P,-1,125.064003,125.0241801,C03557,CHEMBL1321977,339.0,CHEBI:15573.0,HMDB0011747,,,,FDB028420,332.0,CPD-1106,2ameph,,,,MNXM1692,,,2041-14-7,DTXSID10174362,QQVDJLLNRSOCEL-UHFFFAOYSA-M,"InChI=1S/C2H8NO3P/c3-1-2-7(4,5)6/h1-3H2,(H2,4,5,6)/p-1",[H][N+]([H])([H])C([H])([H])C([H])([H])P([O-])([O-])=O,bio/CHEMBL1321977
2aobut,l2amino3oxobutanoicacid,C4H7NO3,0,117.1033,117.04259309999999,C03508,,440033.0,CHEBI:40673.0,HMDB0006454,,2aobut,2aobut,FDB023915,389046.0,AMINO-OXOBUT,2aobut,,,cpd02211,MNXM114087,,,,,SAUCHDKDCUROAO-VKHMYHEASA-N,"InChI=1S/C4H7NO3/c1-2(6)3(5)4(7)8/h3H,5H2,1H3,(H,7,8)/t3-/m0/s1",[H]C([H])([H])C(=O)[C@@]([H])(C([O-])=O)[N+]([H])([H])[H],bio/l2amino3oxobutanoicacid
2c23dh56dhoxin,leucodopachrome,C9H8NO4,-1,195.1721,195.0531578,C05604,,161255.0,CHEBI:60872.0,HMDB0004067,,2c23dh56dhoxin,2c23dh56dhoxin,FDB023297,141655.0,,2c23dh56dhoxin,,,,MNXM163662,C00051835,,18766-67-1,DTXSID80172072,JDWYRSDDJVCWPB-LURJTMIESA-M,"InChI=1S/C9H9NO4/c11-7-2-4-1-6(9(13)14)10-5(4)3-8(7)12/h2-3,6,10-12H,1H2,(H,13,14)/p-1/t6-/m0/s1",[H]OC1=C([H])C2=C(C([H])=C1O[H])C([H])([H])[C@]([H])(N2[H])C([O-])=O,bio/leucodopachrome
2coum,coumaricacid,C9H7O3,-1,164.158,164.04734409999998,C05838,,5280841.0,CHEBI:28873.0,HMDB0041592,,,,FDB021703,4444389.0,,2coum,Coumaric_acid,,cpd03468,MNXM3237,,,495-79-4,,PMOWTIHVNWZYFI-WAYWQWQTSA-M,"InChI=1S/C9H8O3/c10-8-4-2-1-3-7(8)5-6-9(11)12/h1-6,10H,(H,11,12)/p-1/b6-5-",[H]OC1=C([H])C([H])=C([H])C([H])=C1\C([H])=C(\[H])C([O-])=O,bio/coumaricacid
2ddecdicoa,26dodecadienoylcoenzymea,C33H50N7O17P3S,-4,0.0,0.0,,,53480665.0,CHEBI:nan,,,2ddecdicoa,2ddecdicoa,,,,,,,,,,,,,BNPQDIKRZDRREL-GQUYLXGASA-J,"InChI=1S/C33H54N7O17P3S/c1-4-5-6-7-8-9-10-11-12-13-24(42)61-17-16-35-23(41)14-15-36-31(45)28(44)33(2,3)19-54-60(51,52)57-59(49,50)53-18-22-27(56-58(46,47)48)26(43)32(55-22)40-21-39-25-29(34)37-20-38-30(25)40/h8-9,12-13,20-22,26-28,32,43-44H,4-7,10-11,14-19H2,1-3H3,(H,35,41)(H,36,45)(H,49,50)(H,51,52)(H2,34,37,38)(H2,46,47,48)/p-4/b9-8-,13-12+/t22-,26-,27-,28+,32-/m1/s1",[H]O[C@@]([H])(C(=O)N([H])C([H])([H])C([H])([H])C(=O)N([H])C([H])([H])C([H])([H])SC(=O)C(\[H])=C(/[H])C([H])([H])C([H])([H])C(\[H])=C(\[H])C([H])([H])C([H])([H])C([H])([H])C([H])([H])C([H])([H])[H])C(C([H])([H])[H])(C([H])([H])[H])C([H])([H])OP([O-])(=O)OP([O-])(=O)OC([H])([H])[C@@]1([H])O[C@@]([H])(N2C([H])=NC3=C(N=C([H])N=C23)N([H])[H])[C@]([H])(O[H])[C@]1([H])OP([O-])([O-])=O,bio/26dodecadienoylcoenzymea
2decdicoa,27decadienoylcoenzymea,C31H46N7O17P3S,-4,0.0,0.0,,,,CHEBI:nan,,,2decdicoa,2decdicoa,,,,,,,,,,,,,CDCJVILOANYHMI-CPAJBTEKSA-J,"InChI=1S/C31H50N7O17P3S/c1-4-5-6-7-8-9-10-11-22(40)59-15-14-33-21(39)12-13-34-29(43)26(42)31(2,3)17-52-58(49,50)55-57(47,48)51-16-20-25(54-56(44,45)46)24(41)30(53-20)38-19-37-23-27(32)35-18-36-28(23)38/h5-6,10-11,18-20,24-26,30,41-42H,4,7-9,12-17H2,1-3H3,(H,33,39)(H,34,43)(H,47,48)(H,49,50)(H2,32,35,36)(H2,44,45,46)/p-4/b6-5-,11-10+/t20-,24-,25-,26+,30-/m1/s1",[H]O[C@@]([H])(C(=O)N([H])C([H])([H])C([H])([H])C(=O)N([H])C([H])([H])C([H])([H])SC(=O)C(\[H])=C(/[H])C([H])([H])C([H])([H])C([H])([H])C(\[H])=C(\[H])C([H])([H])C([H])([H])[H])C(C([H])([H])[H])(C([H])([H])[H])C([H])([H])OP([O-])(=O)OP([O-])(=O)OC([H])([H])[C@@]1([H])O[C@@]([H])(N2C([H])=NC3=C2N=C([H])N=C3N([H])[H])[C@]([H])(O[H])[C@]1([H])OP([O-])([O-])=O,bio/27decadienoylcoenzymea
2docohexecoa,2710131619docosahexenoylcoenzymea,C43H62N7O17P3S,-4,0.0,0.0,,,,CHEBI:nan,,,2docohexecoa,2docohexecoa,,,,,,,,,,,,,HGVXUTAEZALTIG-XHTFRJCKSA-J,"InChI=1S/C43H66N7O17P3S/c1-4-5-6-7-8-9-10-11-12-13-14-15-16-17-18-19-20-21-22-23-34(52)71-27-26-45-33(51)24-25-46-41(55)38(54)43(2,3)29-64-70(61,62)67-69(59,60)63-28-32-37(66-68(56,57)58)36(53)42(65-32)50-31-49-35-39(44)47-30-48-40(35)50/h5-6,8-9,11-12,14-15,17-18,22-23,30-32,36-38,42,53-54H,4,7,10,13,16,19-21,24-29H2,1-3H3,(H,45,51)(H,46,55)(H,59,60)(H,61,62)(H2,44,47,48)(H2,56,57,58)/p-4/b6-5+,9-8+,12-11+,15-14+,18-17+,23-22+/t32-,36-,37-,38+,42-/m1/s1",[H]O[C@@]([H])(C(=O)N([H])C([H])([H])C([H])([H])C(=O)N([H])C([H])([H])C([H])([H])SC(=O)C(\[H])=C(/[H])C([H])([H])C([H])([H])C([H])([H])C(\[H])=C(/[H])C([H])([H])C(\[H])=C(/[H])C([H])([H])C(\[H])=C(/[H])C([H])([H])C(\[H])=C(/[H])C([H])([H])C(\[H])=C(/[H])C([H])([H])C([H])([H])[H])C(C([H])([H])[H])(C([H])([H])[H])C([H])([H])OP([O-])(=O)OP([O-])(=O)OC([H])([H])[C@@]1([H])O[C@@]([H])(N2C([H])=NC3=C(N=C([H])N=C23)N([H])[H])[C@]([H])(O[H])[C@]1([H])OP([O-])([O-])=O,bio/2710131619docosahexenoylcoenzymea
2docopencoa,27101316docosapentenoylcoenzymea,C43H64N7O17P3S,-4,0.0,0.0,,,,CHEBI:nan,,,2docopencoa,2docopencoa,,,,,,,,,,,,,XSIBQUOFLNIVEK-XPBIURITSA-J,"InChI=1S/C43H68N7O17P3S/c1-4-5-6-7-8-9-10-11-12-13-14-15-16-17-18-19-20-21-22-23-34(52)71-27-26-45-33(51)24-25-46-41(55)38(54)43(2,3)29-64-70(61,62)67-69(59,60)63-28-32-37(66-68(56,57)58)36(53)42(65-32)50-31-49-35-39(44)47-30-48-40(35)50/h8-9,11-12,14-15,17-18,22-23,30-32,36-38,42,53-54H,4-7,10,13,16,19-21,24-29H2,1-3H3,(H,45,51)(H,46,55)(H,59,60)(H,61,62)(H2,44,47,48)(H2,56,57,58)/p-4/b9-8-,12-11-,15-14-,18-17-,23-22+/t32-,36-,37-,38+,42-/m1/s1",[H]O[C@@]([H])(C(=O)N([H])C([H])([H])C([H])([H])C(=O)N([H])C([H])([H])C([H])([H])SC(=O)C(\[H])=C(/[H])C([H])([H])C([H])([H])C([H])([H])C(\[H])=C(\[H])C([H])([H])C(\[H])=C(\[H])C([H])([H])C(\[H])=C(\[H])C([H])([H])C(\[H])=C(\[H])C([H])([H])C([H])([H])C([H])([H])C([H])([H])C([H])([H])[H])C(C([H])([H])[H])(C([H])([H])[H])C([H])([H])OP([O-])(=O)OP([O-])(=O)OC([H])([H])[C@@]1([H])O[C@@]([H])(N2C([H])=NC3=C2N=C([H])N=C3N([H])[H])[C@]([H])(O[H])[C@]1([H])OP([O-])([O-])=O,bio/27101316docosapentenoylcoenzymea
2dodtricoa,269dodecatrienoylcoenzymea,C33H48N7O17P3S,-4,0.0,0.0,,,,CHEBI:nan,,,2dodtricoa,2dodtricoa,,,,,,,,,,,,,XGHIPSZYSVQIHM-JHHAAFDISA-J,"InChI=1S/C33H52N7O17P3S/c1-4-5-6-7-8-9-10-11-12-13-24(42)61-17-16-35-23(41)14-15-36-31(45)28(44)33(2,3)19-54-60(51,52)57-59(49,50)53-18-22-27(56-58(46,47)48)26(43)32(55-22)40-21-39-25-29(34)37-20-38-30(25)40/h5-6,8-9,12-13,20-22,26-28,32,43-44H,4,7,10-11,14-19H2,1-3H3,(H,35,41)(H,36,45)(H,49,50)(H,51,52)(H2,34,37,38)(H2,46,47,48)/p-4/b6-5-,9-8-,13-12+/t22-,26-,27-,28+,32-/m1/s1",[H]O[C@@]([H])(C(=O)N([H])C([H])([H])C([H])([H])C(=O)N([H])C([H])([H])C([H])([H])SC(=O)C(\[H])=C(/[H])C([H])([H])C([H])([H])C(\[H])=C(\[H])C([H])([H])C(\[H])=C(\[H])C([H])([H])C([H])([H])[H])C(C([H])([H])[H])(C([H])([H])[H])C([H])([H])OP([O-])(=O)OP([O-])(=O)OC([H])([H])[C@@]1([H])O[C@@]([H])(N2C([H])=NC3=C2N=C([H])N=C3N([H])[H])[C@]([H])(O[H])[C@]1([H])OP([O-])([O-])=O,bio/269dodecatrienoylcoenzymea
2dp6mep,2decaprenyl6methoxyphenol,C57H88O2,0,805.3074,804.6784321,,,,CHEBI:50774.0,HMDB0060250,,2dp6mep,2dp6mep,,,CPD-9865,2dp6mep,,,,MNXM91882,,,,,FYLLWSGFAAQKHU-GBBROCKZSA-N,"InChI=1S/C57H88O2/c1-45(2)23-13-24-46(3)25-14-26-47(4)27-15-28-48(5)29-16-30-49(6)31-17-32-50(7)33-18-34-51(8)35-19-36-52(9)37-20-38-53(10)39-21-40-54(11)43-44-55-41-22-42-56(59-12)57(55)58/h22-23,25,27,29,31,33,35,37,39,41-43,58H,13-21,24,26,28,30,32,34,36,38,40,44H2,1-12H3/b46-25+,47-27+,48-29+,49-31+,50-33+,51-35+,52-37+,53-39+,54-43+",[H]OC1=C(C([H])=C([H])C([H])=C1OC([H])([H])[H])C([H])([H])C(\[H])=C(/C([H])([H])[H])C([H])([H])C([H])([H])C(\[H])=C(/C([H])([H])[H])C([H])([H])C([H])([H])C(\[H])=C(/C([H])([H])[H])C([H])([H])C([H])([H])C(\[H])=C(/C([H])([H])[H])C([H])([H])C([H])([H])C(\[H])=C(/C([H])([H])[H])C([H])([H])C([H])([H])C(\[H])=C(/C([H])([H])[H])C([H])([H])C([H])([H])C(\[H])=C(/C([H])([H])[H])C([H])([H])C([H])([H])C(\[H])=C(/C([H])([H])[H])C([H])([H])C([H])([H])C(\[H])=C(/C([H])([H])[H])C([H])([H])C([H])([H])C([H])=C(C([H])([H])[H])C([H])([H])[H],bio/2decaprenyl6methoxyphenol
2dp6mobq,2decaprenyl6methoxy14benzoquinone,C57H86O3,0,819.2909,818.6576966,,,,CHEBI:50773.0,HMDB0060248,,2dp6mobq,2dp6mobq,,,CPD-11659,2dp6mobq,,,,MNXM9806,,,,,POYJNCVGTDCCPK-RDSVHMIISA-N,"InChI=1S/C57H86O3/c1-44(2)22-13-23-45(3)24-14-25-46(4)26-15-27-47(5)28-16-29-48(6)30-17-31-49(7)32-18-33-50(8)34-19-35-51(9)36-20-37-52(10)38-21-39-53(11)40-41-54-42-55(58)43-56(60-12)57(54)59/h22,24,26,28,30,32,34,36,38,40,42-43H,13-21,23,25,27,29,31,33,35,37,39,41H2,1-12H3/b45-24+,46-26+,47-28+,48-30+,49-32+,50-34+,51-36+,52-38+,53-40+",[H]C(=C(C([H])([H])[H])C([H])([H])[H])C([H])([H])C([H])([H])C(=C(/[H])C([H])([H])C([H])([H])C(=C(/[H])C([H])([H])C([H])([H])C(=C(/[H])C([H])([H])C([H])([H])C(=C(/[H])C([H])([H])C([H])([H])C(=C(/[H])C([H])([H])C([H])([H])C(=C(/[H])C([H])([H])C([H])([H])C(=C(/[H])C([H])([H])C([H])([H])C(=C(/[H])C([H])([H])C([H])([H])C(=C(/[H])C([H])([H])C1=C([H])C(=O)C([H])=C(OC([H])([H])[H])C1=O)\C([H])([H])[H])\C([H])([H])[H])\C([H])([H])[H])\C([H])([H])[H])\C([H])([H])[H])\C([H])([H])[H])\C([H])([H])[H])\C([H])([H])[H])\C([H])([H])[H],bio/2decaprenyl6methoxy14benzoquinone
2dp6mobq_me,2decaprenyl6methoxy3methyl14benzoquinone,C58H88O3,0,833.3175,832.6733467,,,,CHEBI:50772.0,HMDB0060251,,2dp6mobq_me,2dp6mobq_me,,,CPD-11660,2dp6mobq_me,,,,MNXM9803,,,,,DLBRMPAESNEOJM-RGIWONJESA-N,"InChI=1S/C58H88O3/c1-44(2)23-14-24-45(3)25-15-26-46(4)27-16-28-47(5)29-17-30-48(6)31-18-32-49(7)33-19-34-50(8)35-20-36-51(9)37-21-38-52(10)39-22-40-53(11)41-42-55-54(12)56(59)43-57(61-13)58(55)60/h23,25,27,29,31,33,35,37,39,41,43H,14-22,24,26,28,30,32,34,36,38,40,42H2,1-13H3/b45-25+,46-27+,47-29+,48-31+,49-33+,50-35+,51-37+,52-39+,53-41+",[H]C(=C(C([H])([H])[H])C([H])([H])[H])C([H])([H])C([H])([H])C(=C(/[H])C([H])([H])C([H])([H])C(=C(/[H])C([H])([H])C([H])([H])C(=C(/[H])C([H])([H])C([H])([H])C(=C(/[H])C([H])([H])C([H])([H])C(=C(/[H])C([H])([H])C([H])([H])C(=C(/[H])C([H])([H])C([H])([H])C(=C(/[H])C([H])([H])C([H])([H])C(=C(/[H])C([H])([H])C([H])([H])C(=C(/[H])C([H])([H])C1=C(C(=O)C([H])=C(OC([H])([H])[H])C1=O)C([H])([H])[H])\C([H])([H])[H])\C([H])([H])[H])\C([H])([H])[H])\C([H])([H])[H])\C([H])([H])[H])\C([H])([H])[H])\C([H])([H])[H])\C([H])([H])[H])\C([H])([H])[H],bio/2decaprenyl6methoxy3methyl14benzoquinone
2dpmhobq,2decaprenyl5hydroxy6methoxy3methyl14benzoquinone,C58H88O4,0,0.0,0.0,,,,CHEBI:nan,,,2dpmhobq,2dpmhobq,,,,2dpmhobq,,,,MNXM9802,,,,,ONGWDJKIJUAIOD-AVRCVIBKSA-N,"InChI=1S/C58H88O4/c1-43(2)23-14-24-44(3)25-15-26-45(4)27-16-28-46(5)29-17-30-47(6)31-18-32-48(7)33-19-34-49(8)35-20-36-50(9)37-21-38-51(10)39-22-40-52(11)41-42-54-53(12)55(59)57(61)58(62-13)56(54)60/h23,25,27,29,31,33,35,37,39,41,61H,14-22,24,26,28,30,32,34,36,38,40,42H2,1-13H3/b44-25+,45-27+,46-29+,47-31+,48-33+,49-35+,50-37+,51-39+,52-41+",[H]OC1=C(OC([H])([H])[H])C(=O)C(=C(C1=O)C([H])([H])[H])C([H])([H])C(\[H])=C(/C([H])([H])[H])C([H])([H])C([H])([H])C(\[H])=C(/C([H])([H])[H])C([H])([H])C([H])([H])C(\[H])=C(/C([H])([H])[H])C([H])([H])C([H])([H])C(\[H])=C(/C([H])([H])[H])C([H])([H])C([H])([H])C(\[H])=C(/C([H])([H])[H])C([H])([H])C([H])([H])C(\[H])=C(/C([H])([H])[H])C([H])([H])C([H])([H])C(\[H])=C(/C([H])([H])[H])C([H])([H])C([H])([H])C(\[H])=C(/C([H])([H])[H])C([H])([H])C([H])([H])C(\[H])=C(/C([H])([H])[H])C([H])([H])C([H])([H])C([H])=C(C([H])([H])[H])C([H])([H])[H],bio/2decaprenyl5hydroxy6methoxy3methyl14benzoquinone
2dr1p,deoxyribose1phosphate,C5H9O7P,-2,214.1104,214.0242392,C00672,,439287.0,CHEBI:28542.0,HMDB0001351,,2dr1p,2dr1p,FDB022571,388420.0,DEOXY-RIBOSE-1P,2dr1p,,,cpd00509,MNXM789,,6182.0,17210-42-3,,KBDKAJNTYKVSEK-PYHARJCCSA-L,"InChI=1S/C5H11O7P/c6-2-4-3(7)1-5(11-4)12-13(8,9)10/h3-7H,1-2H2,(H2,8,9,10)/p-2/t3-,4+,5?/m0/s1",[H]OC([H])([H])[C@@]1([H])OC([H])(OP([O-])([O-])=O)C([H])([H])[C@]1([H])O[H],bio/deoxyribose1phosphate
2dr5p,deoxyribose5phosphate,C5H9O7P,-2,214.1104,214.0242392,C00673,,45934311.0,CHEBI:16132.0,HMDB0001031,,2dr5p,2dr5p,FDB022380,25057464.0,DEOXY-RIBOSE-5P,2dr5p,,,cpd00510,MNXM2179,,5956.0,102916-66-5,,KKZFLSZAWCYPOC-PYHARJCCSA-L,"InChI=1S/C5H11O7P/c6-3-1-5(7)12-4(3)2-11-13(8,9)10/h3-7H,1-2H2,(H2,8,9,10)/p-2/t3-,4+,5?/m0/s1",[H]OC1([H])O[C@]([H])(C([H])([H])OP([O-])([O-])=O)[C@@]([H])(O[H])C1([H])[H],bio/deoxyribose5phosphate
2h3mv,2hydroxy3methylvalerate,C6H11O3,-1,0.0,0.0,,,,CHEBI:nan,,,,2h3mv,,,,,,,,,,,,,RILPIWOPNGRASR-RFZPGFLSSA-M,"InChI=1S/C6H12O3/c1-3-4(2)5(7)6(8)9/h4-5,7H,3H2,1-2H3,(H,8,9)/p-1/t4-,5-/m1/s1",[H]O[C@@]([H])(C([O-])=O)[C@]([H])(C([H])([H])[H])C([H])([H])C([H])([H])[H],bio/2hydroxy3methylvalerate
2hatvacid,2hydroxyatorvastatinacidorthohydroxyatorvastatinacid,C33H34FN2O6,-1,0.0,0.0,,,,CHEBI:nan,,,,,,,,,,,,,,,,,,,,bio/2hydroxyatorvastatinacidorthohydroxyatorvastatinacid
2hatvacidgluc,2hydroxyatorvastatinacylglucuronide,C39H42FN2O12,-1,0.0,0.0,,,,CHEBI:nan,,,,,,,,,,,,,,,,,,,,bio/2hydroxyatorvastatinacylglucuronide
2hatvlac,2hydroxyatorvastatinlactoneorthohydroxyatorvastatinlactone,C33H33FN2O5,0,0.0,0.0,,,,CHEBI:nan,,,,,,,,,,,,,,,,,,,,bio/2hydroxyatorvastatinlactoneorthohydroxyatorvastatinlactone
2hatvlacgluc,2hydroxyatorvastatinlactoneglucuronide,C39H40FN2O11,-1,0.0,0.0,,,,CHEBI:nan,,,,,,,,,,,,,,,,,,,,bio/2hydroxyatorvastatinlactoneglucuronide
2hb,2hydroxybutyricacid,C4H7O3,-1,104.1045,104.0473441,C05984,,11266.0,CHEBI:1148.0,HMDB0000008,,2hb,2hb,FDB021867,10792.0,CPD-3564,2hb,2-Hydroxybutyric acid,,cpd03561,MNXM4968,,3783.0,600-15-7,DTXSID8041903,AFENDNXGAFYKQO-UHFFFAOYSA-M,"InChI=1S/C4H8O3/c1-2-3(5)4(6)7/h3,5H,2H2,1H3,(H,6,7)/p-1",[H]OC([H])(C([O-])=O)C([H])([H])C([H])([H])[H],bio/2hydroxybutyricacid
2hexdtetcoa,271013hexadecatetraenoylcoenzymea,C37H54N7O17P3S,-4,0.0,0.0,,,,CHEBI:nan,,,2hexdtetcoa,2hexdtetcoa,,,,,,,,,,,,,GIKPDPXCUAJUFG-AZKNSBQASA-J,"InChI=1S/C37H58N7O17P3S/c1-4-5-6-7-8-9-10-11-12-13-14-15-16-17-28(46)65-21-20-39-27(45)18-19-40-35(49)32(48)37(2,3)23-58-64(55,56)61-63(53,54)57-22-26-31(60-62(50,51)52)30(47)36(59-26)44-25-43-29-33(38)41-24-42-34(29)44/h5-6,8-9,11-12,16-17,24-26,30-32,36,47-48H,4,7,10,13-15,18-23H2,1-3H3,(H,39,45)(H,40,49)(H,53,54)(H,55,56)(H2,38,41,42)(H2,50,51,52)/p-4/b6-5-,9-8-,12-11-,17-16+/t26-,30-,31-,32+,36-/m1/s1",[H]O[C@@]([H])(C(=O)N([H])C([H])([H])C([H])([H])C(=O)N([H])C([H])([H])C([H])([H])SC(=O)C(\[H])=C(/[H])C([H])([H])C([H])([H])C([H])([H])C(\[H])=C(\[H])C([H])([H])C(\[H])=C(\[H])C([H])([H])C(\[H])=C(\[H])C([H])([H])C([H])([H])[H])C(C([H])([H])[H])(C([H])([H])[H])C([H])([H])OP([O-])(=O)OP([O-])(=O)OC([H])([H])[C@@]1([H])O[C@@]([H])(N2C([H])=NC3=C2N=C([H])N=C3N([H])[H])[C@]([H])(O[H])[C@]1([H])OP([O-])([O-])=O,bio/271013hexadecatetraenoylcoenzymea
2hexdtricoa,2710hexadecatrienoylcoenzymea,C37H56N7O17P3S,-4,0.0,0.0,,,,CHEBI:nan,,,2hexdtricoa,2hexdtricoa,,,,,,,,,,,,,WJHWJZSGWIEAAU-YLEUZIDYSA-J,"InChI=1S/C37H60N7O17P3S/c1-4-5-6-7-8-9-10-11-12-13-14-15-16-17-28(46)65-21-20-39-27(45)18-19-40-35(49)32(48)37(2,3)23-58-64(55,56)61-63(53,54)57-22-26-31(60-62(50,51)52)30(47)36(59-26)44-25-43-29-33(38)41-24-42-34(29)44/h8-9,11-12,16-17,24-26,30-32,36,47-48H,4-7,10,13-15,18-23H2,1-3H3,(H,39,45)(H,40,49)(H,53,54)(H,55,56)(H2,38,41,42)(H2,50,51,52)/p-4/b9-8-,12-11-,17-16+/t26-,30-,31-,32+,36-/m1/s1",[H]O[C@@]([H])(C(=O)N([H])C([H])([H])C([H])([H])C(=O)N([H])C([H])([H])C([H])([H])SC(=O)C(\[H])=C(/[H])C([H])([H])C([H])([H])C([H])([H])C(\[H])=C(\[H])C([H])([H])C(\[H])=C(\[H])C([H])([H])C([H])([H])C([H])([H])C([H])([H])C([H])([H])[H])C(C([H])([H])[H])(C([H])([H])[H])C([H])([H])OP([O-])(=O)OP([O-])(=O)OC([H])([H])[C@@]1([H])O[C@@]([H])(N2C([H])=NC3=C2N=C([H])N=C3N([H])[H])[C@]([H])(O[H])[C@]1([H])OP([O-])([O-])=O,bio/2710hexadecatrienoylcoenzymea
2hibup_R,2hydroxyribuprofen,C13H17O3,-1,0.0,0.0,,,,CHEBI:nan,HMDB0060920,,,,,,,,,,,,,,,,,,,bio/2hydroxyribuprofen
2hibup_S,2hydroxysibuprofen,C13H17O3,-1,0.0,0.0,,,,CHEBI:nan,HMDB0060920,,,,,,,,,,,,,,,,,,,bio/2hydroxysibuprofen
2hibupglu_S,2hydroxysibuprofenglucuronide,C19H25O9,-1,0.0,0.0,,,,CHEBI:nan,,,,,,,,,,,,,,,,,,,,bio/2hydroxysibuprofenglucuronide
2hiv,2hydroxyisovalerate,C5H9O3,-1,0.0,0.0,,,,CHEBI:nan,,,,2hiv,,,,,,,,,,,,,NGEWQZIDQIYUNV-UHFFFAOYSA-M,"InChI=1S/C5H10O3/c1-3(2)4(6)5(7)8/h3-4,6H,1-2H3,(H,7,8)/p-1",[H]OC([H])(C([O-])=O)C([H])(C([H])([H])[H])C([H])([H])[H],bio/2hydroxyisovalerate
2hxic_L,2hydroxyisocaproate,C6H11O3,-1,0.0,0.0,,,,CHEBI:nan,,,,,,,,2hxic__L,,,,,,,,,LVRFTAZAXQPQHI-UHFFFAOYSA-M,"InChI=1S/C6H12O3/c1-4(2)3-5(7)6(8)9/h4-5,7H,3H2,1-2H3,(H,8,9)/p-1",[H]OC([H])(C([O-])=O)C([H])([H])C([H])(C([H])([H])[H])C([H])([H])[H],bio/2hydroxyisocaproate
2hydog,2hydroxyglutarate,C5H6O5,-2,0.0,0.0,,,,CHEBI:nan,,,,,,,,,,,,,,,,,HWXBTNAVRSUOJR-UHFFFAOYSA-L,"InChI=1S/C5H8O5/c6-3(5(9)10)1-2-4(7)8/h3,6H,1-2H2,(H,7,8)(H,9,10)/p-2",[H]OC([H])(C([O-])=O)C([H])([H])C([H])([H])C([O-])=O,bio/2hydroxyglutarate
2hyoxplac,orthohydroxyphenylaceticacid,C8H7O3,-1,152.1473,152.04734409999998,C05852,CHEMBL240714,11970.0,CHEBI:28478.0,HMDB0000669,,2hyoxplac,2hyoxplac,FDB012331,11476.0,,2hyoxplac,,,cpd03480,MNXM2160,,5639.0,614-75-5,DTXSID1060633,CCVYRRGZDBSHFU-UHFFFAOYSA-M,"InChI=1S/C8H8O3/c9-7-4-2-1-3-6(7)5-8(10)11/h1-4,9H,5H2,(H,10,11)/p-1",[H]OC1=C([H])C([H])=C([H])C([H])=C1C([H])([H])C([O-])=O,bio/CHEMBL240714
2kmb,2oxo4methylthiobutanoicacid,C5H7O3S,-1,148.18,148.0194148,C01180,CHEMBL1233860,473.0,CHEBI:33574.0,HMDB0001553,,2kmb,2kmb,FDB011626,460.0,CPD-479,2kmb,,,cpd00869,MNXM276,C00007474,6319.0,583-92-6,DTXSID50207027,SXFSQZDSUWACKX-UHFFFAOYSA-M,"InChI=1S/C5H8O3S/c1-9-3-2-4(6)5(7)8/h2-3H2,1H3,(H,7,8)/p-1",[H]C([H])([H])SC([H])([H])C([H])([H])C(=O)C([O-])=O,bio/CHEMBL1233860
2m3hbu,2methyl3hydroxybutyrate,C5H9O3,-1,0.0,0.0,,,,CHEBI:nan,,,,2m3hbu,,,,,,,,,,,,,VEXDRERIMPLZLU-UHFFFAOYSA-M,"InChI=1S/C5H10O3/c1-3(4(2)6)5(7)8/h3-4,6H,1-2H3,(H,7,8)/p-1",[H]OC([H])(C([H])([H])[H])C([H])(C([O-])=O)C([H])([H])[H],bio/2methyl3hydroxybutyrate
2m3hvac,2methyl3hydroxyvalerate,C6H11O3,-1,0.0,0.0,,,,CHEBI:nan,,,,2m3hvac,,,,,,,,,,,,,NVIHALDXJWGLFD-UHFFFAOYSA-M,"InChI=1S/C6H12O3/c1-3-5(7)4(2)6(8)9/h4-5,7H,3H2,1-2H3,(H,8,9)/p-1",[H]OC([H])(C([H])([H])C([H])([H])[H])C([H])(C([O-])=O)C([H])([H])[H],bio/2methyl3hydroxyvalerate
2m3ovac,2methyl3oxovalerate,C6H9O3,-1,0.0,0.0,,,,CHEBI:nan,,,,2m3ovac,,,,,,,,,,,,,QTLYPQZWYOHATR-UHFFFAOYSA-M,"InChI=1S/C6H10O3/c1-3-5(7)4(2)6(8)9/h4H,3H2,1-2H3,(H,8,9)/p-1",[H]C([H])([H])C([H])([H])C(=O)C([H])(C([O-])=O)C([H])([H])[H],bio/2methyl3oxovalerate
2m3ovcoa,2methyl3oxovalerylcoenzymea,C27H40N7O18P3S,-4,0.0,0.0,,,,CHEBI:nan,,,,2m3ovcoa,,,,,,,,,,,,,KQGBVZCGKIYZSZ-UHFFFAOYSA-J,"InChI=1S/C27H44N7O18P3S/c1-5-15(35)14(2)26(40)56-9-8-29-17(36)6-7-30-24(39)21(38)27(3,4)11-49-55(46,47)52-54(44,45)48-10-16-20(51-53(41,42)43)19(37)25(50-16)34-13-33-18-22(28)31-12-32-23(18)34/h12-14,16,19-21,25,37-38H,5-11H2,1-4H3,(H,29,36)(H,30,39)(H,44,45)(H,46,47)(H2,28,31,32)(H2,41,42,43)/p-4",[H]OC([H])(C(=O)N([H])C([H])([H])C([H])([H])C(=O)N([H])C([H])([H])C([H])([H])SC(=O)C([H])(C(=O)C([H])([H])C([H])([H])[H])C([H])([H])[H])C(C([H])([H])[H])(C([H])([H])[H])C([H])([H])OP([O-])(=O)OP([O-])(=O)OC([H])([H])C1([H])OC([H])(N2C([H])=NC3=C2N=C([H])N=C3N([H])[H])C([H])(O[H])C1([H])OP([O-])([O-])=O,bio/2methyl3oxovalerylcoenzymea
2maacoa,2methylacetoacetylcoa,C26H38N7O18P3S,-4,865.6339999999999,865.1519877999999,C03344,,53.0,CHEBI:15476.0,HMDB0001157,,2maacoa,2maacoa,FDB022455,52.0,2-METHYL-ACETO-ACETYL-COA,2maacoa,,,cpd02124,MNXM524,,6040.0,,,NHNODHRSCRALBF-NQNBQJKNSA-J,"InChI=1S/C26H42N7O18P3S/c1-13(14(2)34)25(39)55-8-7-28-16(35)5-6-29-23(38)20(37)26(3,4)10-48-54(45,46)51-53(43,44)47-9-15-19(50-52(40,41)42)18(36)24(49-15)33-12-32-17-21(27)30-11-31-22(17)33/h11-13,15,18-20,24,36-37H,5-10H2,1-4H3,(H,28,35)(H,29,38)(H,43,44)(H,45,46)(H2,27,30,31)(H2,40,41,42)/p-4/t13?,15-,18-,19-,20+,24-/m1/s1",[H]O[C@@]([H])(C(=O)N([H])C([H])([H])C([H])([H])C(=O)N([H])C([H])([H])C([H])([H])SC(=O)C([H])(C(=O)C([H])([H])[H])C([H])([H])[H])C(C([H])([H])[H])(C([H])([H])[H])C([H])([H])OP([O-])(=O)OP([O-])(=O)OC([H])([H])[C@@]1([H])O[C@@]([H])(N2C([H])=NC3=C(N=C([H])N=C23)N([H])[H])[C@]([H])(O[H])[C@]1([H])OP([O-])([O-])=O,bio/2methylacetoacetylcoa
2mb2coa,tiglylcoa,C26H38N7O17P3S,-4,849.635,849.1570732000001,C03345,,5280564.0,CHEBI:15478.0,HMDB0002054,,2mb2coa,2mb2coa,FDB022819,4444187.0,TIGLYL-COA,2mb2coa,Tiglyl-CoA,,cpd02125,MNXM609,,448.0,6247-62-7,,PMWATMXOQQZNBX-SMRBIBNPSA-J,"InChI=1S/C26H42N7O17P3S/c1-5-14(2)25(38)54-9-8-28-16(34)6-7-29-23(37)20(36)26(3,4)11-47-53(44,45)50-52(42,43)46-10-15-19(49-51(39,40)41)18(35)24(48-15)33-13-32-17-21(27)30-12-31-22(17)33/h5,12-13,15,18-20,24,35-36H,6-11H2,1-4H3,(H,28,34)(H,29,37)(H,42,43)(H,44,45)(H2,27,30,31)(H2,39,40,41)/p-4/b14-5+/t15-,18-,19-,20+,24-/m0/s1",[H]O[C@@]([H])(C(=O)N([H])C([H])([H])C([H])([H])C(=O)N([H])C([H])([H])C([H])([H])SC(=O)C(=C(/[H])C([H])([H])[H])\C([H])([H])[H])C(C([H])([H])[H])(C([H])([H])[H])C([H])([H])OP([O-])(=O)OP([O-])(=O)OC([H])([H])[C@@]1([H])O[C@@]([H])(N2C([H])=NC3=C(N=C([H])N=C23)N([H])[H])[C@]([H])(O[H])[C@]1([H])OP([O-])([O-])=O,bio/tiglylcoa
2mbcoa,2methylbutyrylcoa,C26H40N7O17P3S,-4,851.6510000000001,851.1727232000001,C01033,,439371.0,CHEBI:15477.0,HMDB0001041,,2mbcoa,2mbcoa,FDB022387,388491.0,2-METHYL-BUTYRYL-COA,2mbcoa,,,cpd00760,MNXM569,,5960.0,,,LYNVNYDEQMMNMZ-XGXNYEOVSA-J,"InChI=1S/C26H44N7O17P3S/c1-5-14(2)25(38)54-9-8-28-16(34)6-7-29-23(37)20(36)26(3,4)11-47-53(44,45)50-52(42,43)46-10-15-19(49-51(39,40)41)18(35)24(48-15)33-13-32-17-21(27)30-12-31-22(17)33/h12-15,18-20,24,35-36H,5-11H2,1-4H3,(H,28,34)(H,29,37)(H,42,43)(H,44,45)(H2,27,30,31)(H2,39,40,41)/p-4/t14?,15-,18-,19-,20+,24-/m1/s1",[H]O[C@@]([H])(C(=O)N([H])C([H])([H])C([H])([H])C(=O)N([H])C([H])([H])C([H])([H])SC(=O)C([H])(C([H])([H])[H])C([H])([H])C([H])([H])[H])C(C([H])([H])[H])(C([H])([H])[H])C([H])([H])OP([O-])(=O)OP([O-])(=O)OC([H])([H])[C@@]1([H])O[C@@]([H])(N2C([H])=NC3=C(N=C([H])N=C23)N([H])[H])[C@]([H])(O[H])[C@]1([H])OP([O-])([O-])=O,bio/2methylbutyrylcoa
2mcacn,zbut2ene123tricarboxylate,C7H5O6,-3,0.0,0.0,,,3080625.0,CHEBI:nan,,,,,,,,2mcacn,,,cpd02597,MNXM1792,,,,,NUZLRKBHOBPTQV-ARJAWSKDSA-K,"InChI=1S/C7H8O6/c1-3(6(10)11)4(7(12)13)2-5(8)9/h2H2,1H3,(H,8,9)(H,10,11)(H,12,13)/p-3/b4-3-",[H]C([H])([H])C(\C([O-])=O)=C(\C([O-])=O)C([H])([H])C([O-])=O,bio/zbut2ene123tricarboxylate
2mcit,2methylcitricacid,C7H7O7,-3,206.1501,206.0426527,,,515.0,CHEBI:30835.0,HMDB0000379,,2mcit,2mcit,FDB021997,500.0,,2mcit,,,cpd01501,MNXM90279,,5368.0,6061-96-7,,YNOXCRMFGMSKIJ-UHFFFAOYSA-K,"InChI=1S/C7H10O7/c1-3(5(10)11)7(14,6(12)13)2-4(8)9/h3,14H,2H2,1H3,(H,8,9)(H,10,11)(H,12,13)/p-3",[H]OC(C([O-])=O)(C([H])([H])C([O-])=O)C([H])(C([O-])=O)C([H])([H])[H],bio/2methylcitricacid
2mop,2methyl3oxopropanoicacid,C4H5O3,-1,102.0886,102.0316941,C00349,,296.0,CHEBI:16256.0,HMDB0001172,,2mop,2mop,FDB022464,290.0,CH3-MALONATE-S-ALD,2mop,2-Methyl-3-oxopropanoic_acid,,cpd00287,MNXM305,,6053.0,,,VOKUMXABRRXHAR-UHFFFAOYSA-M,"InChI=1S/C4H6O3/c1-3(2-5)4(6)7/h2-3H,1H3,(H,6,7)/p-1",[H]C(=O)C([H])(C([O-])=O)C([H])([H])[H],bio/2methyl3oxopropanoicacid
